{"version":4,"proportions":{"overall":1,"head":1.4,"torso":0.95,"arms":1.1,"legs":1.3},"slots":{"arm_back":{"image":"arm_back.png","pivotX":0.5,"pivotY":0.08,"rot":14.832538569520786,"scale":0.0621622139925653,"dx":-7.73921630813786,"dy":28.69044376155862,"flip":-1,"sx":1,"sy":1,"gscale":1,"cut":0.4323456752003853,"bend":0,"bendFlip":true,"cut2":0.702627692205656,"bend2":0,"bendFlip2":false,"cut3":null,"bend3":0,"bendFlip3":false},"leg_back":{"image":"leg_back.png","pivotX":0.5,"pivotY":0.06,"rot":5.845148146547309,"scale":0.3177861002416431,"dx":-1.3082615115734613,"dy":7.930184071598674,"flip":1,"sx":1,"sy":1,"gscale":1,"cut":0.4769888653509084,"bend":0,"bendFlip":false,"cut2":0.7883048027442602,"bend2":0,"bendFlip2":false,"cut3":0.9122760040190425,"bend3":0,"bendFlip3":false},"leg_front":{"image":"leg_front.png","pivotX":0.5,"pivotY":0.06,"rot":3.1358111082889746,"scale":0.3577417778477794,"dx":-5.9561619726374255,"dy":1.8711102179026358,"flip":1,"sx":1,"sy":1,"gscale":1,"cut":0.4766854000481844,"bend":0,"bendFlip":false,"cut2":0.8821890008058081,"bend2":0,"bendFlip2":false,"cut3":0.95,"bend3":0,"bendFlip3":false},"torso":{"image":"torso_front.png","pivotX":0.5,"pivotY":0.94,"rot":-2.424355247219962,"scale":0.37500453947433193,"dx":-4388.584649792096,"dy":934.31480245942,"flip":1,"sx":1.0098973621067668,"sy":1.0031248261835546,"gscale":7.110672636064174,"cut":null,"bend":0,"bendFlip":true,"cut2":null,"bend2":0,"bendFlip2":false,"cut3":null,"bend3":0,"bendFlip3":false},"neck":{"image":null,"pivotX":0.5,"pivotY":0.9,"rot":0,"scale":1,"dx":0,"dy":0,"flip":1,"sx":1,"sy":1,"gscale":1,"cut":null,"bend":0,"bendFlip":true,"cut2":null,"bend2":0,"bendFlip2":false,"cut3":null,"bend3":0,"bendFlip3":false},"head":{"image":"head_front.png","pivotX":0.5,"pivotY":0.94,"rot":0,"scale":0.4438717125364572,"dx":-1.0459629999835294,"dy":20.69018673751359,"flip":1,"sx":1,"sy":1,"gscale":1,"cut":null,"bend":0,"bendFlip":true,"cut2":null,"bend2":0,"bendFlip2":false,"cut3":null,"bend3":0,"bendFlip3":false},"eye_back":{"image":null,"pivotX":0.5,"pivotY":0.5,"rot":0,"scale":1,"dx":0,"dy":0,"flip":1,"sx":1,"sy":1,"gscale":1,"cut":null,"bend":0,"bendFlip":false,"cut2":null,"bend2":0,"bendFlip2":false,"cut3":null,"bend3":0,"bendFlip3":false},"eye_front":{"image":null,"pivotX":0.5,"pivotY":0.5,"rot":0,"scale":1,"dx":0,"dy":0,"flip":1,"sx":1,"sy":1,"gscale":1,"cut":null,"bend":0,"bendFlip":false,"cut2":null,"bend2":0,"bendFlip2":false,"cut3":null,"bend3":0,"bendFlip3":false},"brow_back":{"image":null,"pivotX":0.5,"pivotY":0.5,"rot":0,"scale":1,"dx":0,"dy":0,"flip":1,"sx":1,"sy":1,"gscale":1,"cut":null,"bend":0,"bendFlip":false,"cut2":null,"bend2":0,"bendFlip2":false,"cut3":null,"bend3":0,"bendFlip3":false},"brow_front":{"image":null,"pivotX":0.5,"pivotY":0.5,"rot":0,"scale":1,"dx":0,"dy":0,"flip":1,"sx":1,"sy":1,"gscale":1,"cut":null,"bend":0,"bendFlip":false,"cut2":null,"bend2":0,"bendFlip2":false,"cut3":null,"bend3":0,"bendFlip3":false},"mouth":{"image":null,"pivotX":0.5,"pivotY":0.5,"rot":0,"scale":1,"dx":0,"dy":0,"flip":1,"sx":1,"sy":1,"gscale":1,"cut":null,"bend":0,"bendFlip":false,"cut2":null,"bend2":0,"bendFlip2":false,"cut3":null,"bend3":0,"bendFlip3":false},"arm_front":{"image":"arm_front.png","pivotX":0.7867837842882196,"pivotY":0.08458752793320075,"rot":0,"scale":0.40601657385367307,"dx":7.663003007268036,"dy":30.05259904092446,"flip":-1,"sx":1,"sy":1,"gscale":1,"cut":0.47932810844337104,"bend":0,"bendFlip":true,"cut2":0.7946301773952168,"bend2":0,"bendFlip2":false,"cut3":null,"bend3":0,"bendFlip3":false}},"images":{},"facing":-1,"animDir":1,"clips":{"walk":{"duration":1,"keys":[]},"run":{"duration":1,"keys":[]},"jump":{"duration":1,"keys":[]},"hurt":{"duration":1,"keys":[]},"idle":{"duration":1,"keys":[]},"Test":{"duration":1,"keys":[{"t":0,"interp":"smooth","pose":{"arm_back":{"rot":14.832538569520786,"dx":-7.73921630813786,"dy":28.69044376155862,"scale":0.0621622139925653,"flip":-1,"bend":0},"leg_back":{"rot":5.845148146547309,"dx":-1.3082615115734613,"dy":7.930184071598674,"scale":0.3177861002416431,"flip":1,"bend":0},"leg_front":{"rot":3.1358111082889746,"dx":-5.9561619726374255,"dy":1.8711102179026358,"scale":0.3577417778477794,"flip":1,"bend":0},"torso":{"rot":0,"dx":12.542123107413827,"dy":86.63745633285079,"scale":0.37500453947433193,"flip":1,"bend":0},"neck":{"rot":0,"dx":0,"dy":0,"scale":1,"flip":1,"bend":0},"head":{"rot":0,"dx":-1.0459629999835294,"dy":20.69018673751359,"scale":0.4438717125364572,"flip":1,"bend":0},"eye_back":{"rot":0,"dx":0,"dy":0,"scale":1,"flip":1,"bend":0},"eye_front":{"rot":0,"dx":0,"dy":0,"scale":1,"flip":1,"bend":0},"brow_back":{"rot":0,"dx":0,"dy":0,"scale":1,"flip":1,"bend":0},"brow_front":{"rot":0,"dx":0,"dy":0,"scale":1,"flip":1,"bend":0},"mouth":{"rot":0,"dx":0,"dy":0,"scale":1,"flip":1,"bend":0},"arm_front":{"rot":7.041349515930449,"dx":7.663003007268036,"dy":30.05259904092446,"scale":0.40601657385367307,"flip":-1,"bend":0}}},{"t":0.17454954954954952,"interp":"smooth","pose":{"arm_back":{"rot":14.832538569520786,"dx":-7.73921630813786,"dy":28.69044376155862,"scale":0.0621622139925653,"flip":-1,"bend":0},"leg_back":{"rot":5.845148146547309,"dx":-1.3082615115734613,"dy":7.930184071598674,"scale":0.3177861002416431,"flip":1,"bend":0},"leg_front":{"rot":3.1358111082889746,"dx":-5.9561619726374255,"dy":1.8711102179026358,"scale":0.3577417778477794,"flip":1,"bend":0},"torso":{"rot":0,"dx":12.542123107413827,"dy":86.63745633285079,"scale":0.37500453947433193,"flip":1,"bend":0},"neck":{"rot":0,"dx":0,"dy":0,"scale":1,"flip":1,"bend":0},"head":{"rot":0,"dx":-1.0459629999835294,"dy":20.69018673751359,"scale":0.4438717125364572,"flip":1,"bend":0},"eye_back":{"rot":0,"dx":0,"dy":0,"scale":1,"flip":1,"bend":0},"eye_front":{"rot":0,"dx":0,"dy":0,"scale":1,"flip":1,"bend":0},"brow_back":{"rot":0,"dx":0,"dy":0,"scale":1,"flip":1,"bend":0},"brow_front":{"rot":0,"dx":0,"dy":0,"scale":1,"flip":1,"bend":0},"mouth":{"rot":0,"dx":0,"dy":0,"scale":1,"flip":1,"bend":0},"arm_front":{"rot":-260.9789982658971,"dx":7.663003007268036,"dy":30.05259904092446,"scale":0.40601657385367307,"flip":-1,"bend":0}}},{"t":0.3795045045045045,"interp":"linear","pose":{"arm_back":{"rot":14.832538569520786,"dx":-7.73921630813786,"dy":28.69044376155862,"scale":0.0621622139925653,"flip":-1,"bend":0},"leg_back":{"rot":5.845148146547309,"dx":-1.3082615115734613,"dy":7.930184071598674,"scale":0.3177861002416431,"flip":1,"bend":0},"leg_front":{"rot":3.1358111082889746,"dx":-5.9561619726374255,"dy":1.8711102179026358,"scale":0.3577417778477794,"flip":1,"bend":0},"torso":{"rot":0,"dx":12.542123107413827,"dy":86.63745633285079,"scale":0.37500453947433193,"flip":1,"bend":0},"neck":{"rot":0,"dx":0,"dy":0,"scale":1,"flip":1,"bend":0},"head":{"rot":0,"dx":-1.0459629999835294,"dy":20.69018673751359,"scale":0.4438717125364572,"flip":1,"bend":0},"eye_back":{"rot":0,"dx":0,"dy":0,"scale":1,"flip":1,"bend":0},"eye_front":{"rot":0,"dx":0,"dy":0,"scale":1,"flip":1,"bend":0},"brow_back":{"rot":0,"dx":0,"dy":0,"scale":1,"flip":1,"bend":0},"brow_front":{"rot":0,"dx":0,"dy":0,"scale":1,"flip":1,"bend":0},"mouth":{"rot":0,"dx":0,"dy":0,"scale":1,"flip":1,"bend":0},"arm_front":{"rot":-248.33970920608024,"dx":7.663003007268036,"dy":30.05259904092446,"scale":0.40601657385367307,"flip":-1,"bend":0}}},{"t":0.9966216216216216,"interp":"linear","pose":{"arm_back":{"rot":14.832538569520786,"dx":-7.73921630813786,"dy":28.69044376155862,"scale":0.0621622139925653,"flip":-1,"bend":0},"leg_back":{"rot":5.845148146547309,"dx":-1.3082615115734613,"dy":7.930184071598674,"scale":0.3177861002416431,"flip":1,"bend":0},"leg_front":{"rot":3.1358111082889746,"dx":-5.9561619726374255,"dy":1.8711102179026358,"scale":0.3577417778477794,"flip":1,"bend":0},"torso":{"rot":0,"dx":12.542123107413827,"dy":86.63745633285079,"scale":0.37500453947433193,"flip":1,"bend":0},"neck":{"rot":0,"dx":0,"dy":0,"scale":1,"flip":1,"bend":0},"head":{"rot":0,"dx":-1.0459629999835294,"dy":20.69018673751359,"scale":0.4438717125364572,